{
    "rmse": 0.6582608162922958,
    "mae": 0.5373705212005055,
    "r2": 0.2982238426321433
}